Feature,importance
Communication_Skills,0.2864699726136169
IQ,0.24512036174832005
Projects_Completed,0.19486629530250807
CGPA,0.16348690417575973
Prev_Sem_Result,0.09008918723187359
College_Num,0.008497827866908841
Extra_Curricular_Score,0.005589091293763327
Academic_Performance,0.0046877278426681514
Internship_Experience,0.0011926319245815153
